season,effective_week,team_count,ap_ranked_count,elo_count,status,issues
2015,1,128,25,128,PASS,
2015,2,128,25,128,PASS,
2015,3,128,25,128,PASS,
2015,4,128,25,128,PASS,
2015,5,128,25,128,PASS,
2015,6,128,25,128,PASS,
2015,7,128,25,128,PASS,
2015,8,128,25,128,PASS,
2015,9,128,25,128,PASS,
2015,10,128,25,128,PASS,
2015,11,128,25,128,PASS,
2015,12,128,25,128,PASS,
2015,13,128,25,128,PASS,
2015,14,128,25,128,PASS,
2015,15,128,25,128,PASS,
2016,1,128,25,128,PASS,
2016,2,128,25,128,PASS,
2016,3,128,25,128,PASS,
2016,4,128,25,128,PASS,
2016,5,128,25,128,PASS,
2016,6,128,25,128,PASS,
2016,7,128,25,128,PASS,
2016,8,128,25,128,PASS,
2016,9,128,25,128,PASS,
2016,10,128,25,128,PASS,
2016,11,128,25,128,PASS,
2016,12,128,25,128,PASS,
2016,13,128,25,128,PASS,
2016,14,128,25,128,PASS,
2016,15,128,25,128,PASS,
2017,1,130,25,130,PASS,
2017,2,130,25,130,PASS,
2017,3,130,25,130,PASS,
2017,4,130,25,130,PASS,
2017,5,130,25,130,PASS,
2017,6,130,25,130,PASS,
2017,7,130,25,130,PASS,
2017,8,130,25,130,PASS,
2017,9,130,25,130,PASS,
2017,10,130,25,130,PASS,
2017,11,130,25,130,PASS,
2017,12,130,25,130,PASS,
2017,13,130,25,130,PASS,
2017,14,130,25,130,PASS,
2017,15,130,25,130,PASS,
2018,1,130,25,130,PASS,
2018,2,130,25,130,PASS,
2018,3,130,25,130,PASS,
2018,4,130,25,130,PASS,
2018,5,130,25,130,PASS,
2018,6,130,25,130,PASS,
2018,7,130,25,130,PASS,
2018,8,130,25,130,PASS,
2018,9,130,25,130,PASS,
2018,10,130,25,130,PASS,
2018,11,130,25,130,PASS,
2018,12,130,25,130,PASS,
2018,13,130,25,130,PASS,
2018,14,130,25,130,PASS,
2018,15,130,25,130,PASS,
2019,1,130,25,130,PASS,
2019,2,130,26,130,PASS,
2019,3,130,25,130,PASS,
2019,4,130,25,130,PASS,
2019,5,130,25,130,PASS,
2019,6,130,26,130,PASS,
2019,7,130,25,130,PASS,
2019,8,130,25,130,PASS,
2019,9,130,25,130,PASS,
2019,10,130,25,130,PASS,
2019,11,130,25,130,PASS,
2019,12,130,25,130,PASS,
2019,13,130,25,130,PASS,
2019,14,130,25,130,PASS,
2019,15,130,25,130,PASS,
2019,16,130,25,130,PASS,
2020,1,128,25,127,PASS_WITH_INACTIVE_UNAVAILABLE,Elo unavailable: New Mexico State
2020,3,128,25,127,PASS_WITH_INACTIVE_UNAVAILABLE,Elo unavailable: New Mexico State
2020,4,128,25,127,PASS_WITH_INACTIVE_UNAVAILABLE,Elo unavailable: New Mexico State
2020,5,128,25,127,PASS_WITH_INACTIVE_UNAVAILABLE,Elo unavailable: New Mexico State
2020,6,128,25,127,PASS_WITH_INACTIVE_UNAVAILABLE,Elo unavailable: New Mexico State
2020,7,128,25,127,PASS_WITH_INACTIVE_UNAVAILABLE,Elo unavailable: New Mexico State
2020,8,128,25,127,PASS_WITH_INACTIVE_UNAVAILABLE,Elo unavailable: New Mexico State
2020,9,128,25,127,PASS_WITH_INACTIVE_UNAVAILABLE,Elo unavailable: New Mexico State
2020,10,128,25,127,PASS_WITH_INACTIVE_UNAVAILABLE,Elo unavailable: New Mexico State
2020,11,128,25,127,PASS_WITH_INACTIVE_UNAVAILABLE,Elo unavailable: New Mexico State
2020,12,128,25,127,PASS_WITH_INACTIVE_UNAVAILABLE,Elo unavailable: New Mexico State
2020,13,128,25,127,PASS_WITH_INACTIVE_UNAVAILABLE,Elo unavailable: New Mexico State
2020,14,128,25,127,PASS_WITH_INACTIVE_UNAVAILABLE,Elo unavailable: New Mexico State
2020,15,128,25,127,PASS_WITH_INACTIVE_UNAVAILABLE,Elo unavailable: New Mexico State
2020,16,128,25,127,PASS_WITH_INACTIVE_UNAVAILABLE,Elo unavailable: New Mexico State
2021,1,130,25,130,PASS,
2021,2,130,25,130,PASS,
2021,3,130,25,130,PASS,
2021,4,130,25,130,PASS,
2021,5,130,25,130,PASS,
2021,6,130,25,130,PASS,
2021,7,130,25,130,PASS,
2021,8,130,25,130,PASS,
2021,9,130,25,130,PASS,
2021,10,130,25,130,PASS,
2021,11,130,25,130,PASS,
2021,12,130,25,130,PASS,
2021,13,130,25,130,PASS,
2021,14,130,25,130,PASS,
2021,15,130,25,130,PASS,
2022,1,131,25,131,PASS,
2022,2,131,25,131,PASS,
2022,3,131,25,131,PASS,
2022,4,131,25,131,PASS,
2022,5,131,25,131,PASS,
2022,6,131,25,131,PASS,
2022,7,131,25,131,PASS,
2022,8,131,25,131,PASS,
2022,9,131,25,131,PASS,
2022,10,131,25,131,PASS,
2022,11,131,25,131,PASS,
2022,12,131,25,131,PASS,
2022,13,131,25,131,PASS,
2022,14,131,25,131,PASS,
2022,15,131,25,131,PASS,
2023,1,133,25,133,PASS,
2023,2,133,25,133,PASS,
2023,3,133,25,133,PASS,
2023,4,133,25,133,PASS,
2023,5,133,25,133,PASS,
2023,6,133,25,133,PASS,
2023,7,133,25,133,PASS,
2023,8,133,25,133,PASS,
2023,9,133,25,133,PASS,
2023,10,133,25,133,PASS,
2023,11,133,25,133,PASS,
2023,12,133,25,133,PASS,
2023,13,133,25,133,PASS,
2023,14,133,25,133,PASS,
2023,15,133,25,133,PASS,
2024,1,134,25,134,PASS,
2024,2,134,25,134,PASS,
2024,3,134,25,134,PASS,
2024,4,134,25,134,PASS,
2024,5,134,25,134,PASS,
2024,6,134,26,134,PASS,
2024,7,134,25,134,PASS,
2024,8,134,25,134,PASS,
2024,9,134,25,134,PASS,
2024,10,134,25,134,PASS,
2024,11,134,25,134,PASS,
2024,12,134,25,134,PASS,
2024,13,134,25,134,PASS,
2024,14,134,25,134,PASS,
2024,15,134,25,134,PASS,
2024,16,134,25,134,PASS,
2025,1,136,25,136,PASS,
2025,2,136,25,136,PASS,
2025,3,136,25,136,PASS,
2025,4,136,25,136,PASS,
2025,5,136,25,136,PASS,
2025,6,136,25,136,PASS,
2025,7,136,25,136,PASS,
2025,8,136,25,136,PASS,
2025,9,136,25,136,PASS,
2025,10,136,25,136,PASS,
2025,11,136,25,136,PASS,
2025,12,136,25,136,PASS,
2025,13,136,25,136,PASS,
2025,14,136,25,136,PASS,
2025,15,136,25,136,PASS,
2025,16,136,25,136,PASS,
2026,1,138,25,138,PASS,
2026,2,138,25,138,PASS,
